control QA-16-T1-ax5-offset0.png: strip luma 42.10, badge lime px 2237, back max luma 246.4, tiles top 508.3 pt
t,alpha,badge,tilesTopPt
0.0000,-0.029,1918,509.1
2.4283,-0.014,1921,509.1
2.5250,0.092,1675,507.8
2.6400,0.901,0,497.8
2.7367,1.027,0,487.7
2.9050,1.015,0,477.7
3.0533,1.004,0,467.7
3.2200,1.012,0,457.7
3.3717,1.000,0,447.7
3.5433,1.002,0,437.7
3.6867,1.007,0,427.7
3.8533,1.004,0,417.7
4.0067,1.006,0,407.7
4.1750,1.006,0,397.7
4.3200,1.006,0,387.7
4.4883,1.006,0,377.7
4.6433,1.006,0,367.6
4.8067,1.006,0,357.6
4.9550,1.006,0,351.0
5.4117,1.006,0,351.0
5.4383,1.005,0,341.6
5.4533,-0.007,1921,341.6
