t,luma
0.0000,200.39
2.3883,199.48
2.3900,199.58
2.4083,192.21
2.4550,113.69
2.4717,107.12
2.4883,106.32
2.5233,106.32
2.5900,106.33
2.6067,106.31
2.6233,106.63
2.6400,115.05
2.6567,119.60
2.6733,120.90
2.6917,121.44
2.7067,121.61
2.7250,121.71
2.7400,121.72
2.7567,121.73
2.7733,121.36
2.7900,121.30
2.8233,200.26
2.8567,165.28
2.8733,155.15
2.8900,145.69
2.9083,136.89
2.9250,129.30
2.9417,121.82
2.9583,116.10
2.9767,111.65
2.9950,108.77
3.0067,108.05
3.0267,108.03
3.0433,108.06
3.0600,108.04
3.0767,108.05
3.0917,108.04
3.1100,108.05
3.1267,108.04
3.1433,108.05
3.1617,108.03
3.1767,108.04
3.1950,108.03
3.2100,108.05
3.2283,108.04
3.2417,108.04
3.2933,108.02
3.3083,108.02
3.3417,108.01
3.3583,108.02
3.3733,108.00
3.3917,108.01
3.4083,108.00
3.4233,181.63
3.4400,183.68
3.4567,121.74
3.4733,82.94
3.4917,62.76
3.5067,42.44
3.5250,22.07
3.5400,17.80
3.5617,18.00
3.5733,18.49
3.5883,18.74
3.6067,20.30
3.6233,21.64
3.6383,23.76
3.6567,24.94
3.6733,26.26
3.6900,26.91
3.7083,27.79
3.7267,28.14
3.7417,28.61
3.7567,29.34
3.7750,30.97
3.7917,32.83
3.8083,35.62
3.8250,37.65
3.8417,36.92
3.8583,35.56
3.8733,36.08
3.8917,37.40
3.9083,39.62
3.9250,42.25
3.9417,43.56
3.9567,42.06
3.9767,41.35
3.9917,42.23
4.0083,44.05
4.0267,46.74
4.0450,48.99
4.0617,48.92
4.0767,47.46
4.0933,46.47
4.1083,46.04
16.2167,46.06
16.2267,46.03
16.2383,42.63
16.2550,42.75
16.2717,40.17
16.2883,36.68
16.3067,32.83
16.3233,28.23
16.3550,17.06
16.3717,14.32
16.4217,74.13
16.4400,95.60
16.4550,115.57
16.4717,133.80
16.4883,150.40
16.5050,165.16
16.5217,177.62
16.5400,187.93
16.5567,195.59
16.5750,199.46
16.5917,200.14
