t,limeOutside,limeInside,minX,minY,maxX,maxY
0.0000,174,0,,,,
2.4050,175,0,,,,
2.4317,174,0,,,,
2.4483,175,0,,,,
2.4817,175,0,,,,
2.5300,176,0,,,,
2.5467,177,0,,,,
2.5633,177,0,,,,
2.6483,176,0,,,,
2.6650,176,0,,,,
2.6817,176,0,,,,
2.6983,176,0,,,,
2.7150,176,0,,,,
2.7317,176,0,,,,
2.7483,176,0,,,,
2.7650,176,0,,,,
2.7817,176,0,,,,
2.7967,176,0,,,,
2.8150,176,0,,,,
2.8317,176,0,,,,
2.8483,176,0,,,,
2.8817,176,0,,,,
2.9300,0,5511,39.4,447.7,95.4,503.8
2.9483,0,8904,39.4,447.7,159.5,503.8
2.9650,0,12459,39.4,447.7,160.1,503.8
2.9833,0,16071,39.4,447.7,224.2,503.8
2.9967,0,19061,39.4,447.7,224.2,503.8
3.0167,0,23199,39.4,447.7,288.2,503.8
3.0317,0,26072,39.4,447.7,352.3,503.8
3.0500,0,30435,39.4,447.7,352.3,503.8
3.0650,0,31908,39.4,447.7,352.3,503.8
3.0833,0,31908,39.4,447.7,352.3,503.8
3.0983,0,31908,39.4,447.7,352.3,503.8
3.1167,0,31908,39.4,447.7,352.3,503.8
3.1333,0,31904,39.4,447.7,352.3,503.8
3.1500,0,31905,39.4,447.7,352.3,503.8
3.1667,0,31904,39.4,447.7,352.3,503.8
3.1833,0,31906,39.4,447.7,352.3,503.8
3.2000,0,31905,39.4,447.7,352.3,503.8
3.2167,0,31903,39.4,447.7,352.3,503.8
3.2333,0,31903,39.4,447.7,352.3,503.8
3.2500,0,31905,39.4,447.7,352.3,503.8
3.2650,0,31903,39.4,447.7,352.3,503.8
3.2833,0,31902,39.4,447.7,352.3,503.8
3.2983,0,31903,39.4,447.7,352.3,503.8
3.3333,0,31903,39.4,447.7,352.3,503.8
3.3483,0,31902,39.4,447.7,352.3,503.8
3.3850,0,31902,39.4,447.7,352.3,503.8
3.3983,0,31902,39.4,447.7,352.3,503.8
3.4167,0,31902,39.4,447.7,352.3,503.8
3.4317,0,31902,39.4,447.7,352.3,503.8
3.4483,0,31902,39.4,447.7,352.3,503.8
3.4650,0,31902,39.4,447.7,352.3,503.8
3.4833,0,32623,39.4,407.0,353.0,465.7
3.5000,0,33022,38.7,375.7,353.0,435.7
3.5167,0,33446,38.7,352.3,353.6,414.4
3.5333,0,33562,38.0,337.0,353.6,399.7
3.5500,0,33611,38.0,326.9,353.6,389.7
3.5667,0,33674,38.0,320.3,353.6,383.7
3.5800,0,33714,38.0,316.3,353.6,379.7
3.6167,0,33766,38.0,313.6,353.6,377.0
3.6317,0,33830,38.0,310.9,353.6,375.0
3.6467,0,33787,38.0,310.3,353.6,374.3
3.6650,0,33841,38.0,310.3,353.6,374.3
3.6800,176,33849,38.0,310.3,353.6,374.3
3.6983,302,33855,38.0,310.3,353.6,374.3
3.7167,308,33852,38.0,310.3,353.6,374.3
3.7317,309,33852,38.0,310.3,353.6,374.3
3.7500,312,33852,38.0,310.3,353.6,374.3
3.7650,312,34174,30.0,310.3,353.6,602.5
3.7817,312,83089,26.7,310.3,365.0,629.2
3.8017,312,83186,26.7,310.3,365.0,628.5
3.8133,313,83186,26.7,310.3,365.0,628.5
3.8383,313,83176,26.7,310.3,365.0,628.5
3.8517,312,83177,26.7,310.3,365.0,628.5
3.8700,312,83379,26.7,310.3,365.0,628.5
3.8817,312,83629,26.7,310.3,365.0,628.5
3.9000,312,83598,26.7,310.3,365.0,628.5
3.9167,312,83546,26.7,310.3,365.0,628.5
3.9317,312,83515,26.7,310.3,365.0,628.5
3.9517,312,83502,26.7,310.3,365.0,628.5
3.9667,312,83574,26.7,310.3,365.0,628.5
3.9850,312,83926,26.7,310.3,365.0,628.5
4.0017,312,83963,26.7,310.3,365.0,628.5
4.0167,312,83899,26.7,310.3,365.0,628.5
4.0350,312,83856,26.7,310.3,365.0,628.5
4.0533,312,83830,26.7,310.3,365.0,628.5
4.0650,312,83831,26.7,310.3,365.0,628.5
4.0833,311,84004,26.7,310.3,365.0,628.5
4.1033,311,84270,26.7,310.3,365.0,628.5
4.1150,311,84263,26.7,310.3,365.0,628.5
4.1383,311,84204,26.7,310.3,365.0,628.5
4.1533,311,84168,26.7,310.3,365.0,628.5
4.1650,311,84151,26.7,310.3,365.0,628.5
