t,full_luma,full_lime,full_x0,full_y0,full_x1,full_y1,word_luma,word_lime,word_x0,word_y0,word_x1,word_y1,card_luma,card_lime,card_x0,card_y0,card_x1,card_y1,cta_luma,cta_lime,cta_x0,cta_y0,cta_x1,cta_y1,lower_luma,lower_lime,lower_x0,lower_y0,lower_x1,lower_y1
0.0000,137.07,3404,127,72,1072,571,183.95,128,160,274,190,279,162.51,5,171,564,173,571,135.93,0,-1,-1,-1,-1,90.96,0,-1,-1,-1,-1
1.8967,131.51,771,134,283,218,380,174.26,0,-1,-1,-1,-1,162.32,0,-1,-1,-1,-1,127.67,0,-1,-1,-1,-1,86.29,0,-1,-1,-1,-1
1.9000,114.32,0,-1,-1,-1,-1,165.65,0,-1,-1,-1,-1,121.42,0,-1,-1,-1,-1,119.79,0,-1,-1,-1,-1,81.65,0,-1,-1,-1,-1
1.9050,114.29,0,-1,-1,-1,-1,165.57,0,-1,-1,-1,-1,121.38,0,-1,-1,-1,-1,119.77,0,-1,-1,-1,-1,81.65,0,-1,-1,-1,-1
1.9083,95.13,0,-1,-1,-1,-1,157.28,0,-1,-1,-1,-1,76.61,0,-1,-1,-1,-1,111.83,0,-1,-1,-1,-1,76.82,0,-1,-1,-1,-1
1.9117,95.14,0,-1,-1,-1,-1,157.28,0,-1,-1,-1,-1,76.62,0,-1,-1,-1,-1,111.84,0,-1,-1,-1,-1,76.84,0,-1,-1,-1,-1
1.9150,95.13,0,-1,-1,-1,-1,157.25,0,-1,-1,-1,-1,76.61,0,-1,-1,-1,-1,111.82,0,-1,-1,-1,-1,76.82,0,-1,-1,-1,-1
1.9183,95.13,0,-1,-1,-1,-1,157.26,0,-1,-1,-1,-1,76.61,0,-1,-1,-1,-1,111.83,0,-1,-1,-1,-1,76.82,0,-1,-1,-1,-1
1.9217,95.12,0,-1,-1,-1,-1,157.24,0,-1,-1,-1,-1,76.61,0,-1,-1,-1,-1,111.83,0,-1,-1,-1,-1,76.82,0,-1,-1,-1,-1
1.9333,78.35,0,-1,-1,-1,-1,148.31,0,-1,-1,-1,-1,52.40,0,-1,-1,-1,-1,81.34,0,-1,-1,-1,-1,71.99,0,-1,-1,-1,-1
1.9500,65.78,0,-1,-1,-1,-1,139.83,0,-1,-1,-1,-1,39.74,0,-1,-1,-1,-1,39.20,0,-1,-1,-1,-1,67.88,0,-1,-1,-1,-1
1.9667,56.11,0,-1,-1,-1,-1,132.40,0,-1,-1,-1,-1,31.73,0,-1,-1,-1,-1,30.28,0,-1,-1,-1,-1,61.94,0,-1,-1,-1,-1
1.9833,48.35,0,-1,-1,-1,-1,117.37,0,-1,-1,-1,-1,25.78,0,-1,-1,-1,-1,24.91,0,-1,-1,-1,-1,52.49,0,-1,-1,-1,-1
2.0000,42.25,0,-1,-1,-1,-1,95.26,0,-1,-1,-1,-1,22.11,0,-1,-1,-1,-1,21.08,0,-1,-1,-1,-1,44.99,0,-1,-1,-1,-1
2.0183,37.33,0,-1,-1,-1,-1,72.97,0,-1,-1,-1,-1,19.69,0,-1,-1,-1,-1,18.75,0,-1,-1,-1,-1,38.87,0,-1,-1,-1,-1
2.0350,32.98,0,-1,-1,-1,-1,48.77,0,-1,-1,-1,-1,17.93,0,-1,-1,-1,-1,16.92,0,-1,-1,-1,-1,32.42,0,-1,-1,-1,-1
2.0517,29.50,0,-1,-1,-1,-1,38.53,0,-1,-1,-1,-1,17.77,0,-1,-1,-1,-1,16.23,0,-1,-1,-1,-1,25.68,0,-1,-1,-1,-1
2.0700,26.65,0,-1,-1,-1,-1,32.14,0,-1,-1,-1,-1,17.64,0,-1,-1,-1,-1,16.19,0,-1,-1,-1,-1,20.33,0,-1,-1,-1,-1
2.0850,24.57,0,-1,-1,-1,-1,27.98,0,-1,-1,-1,-1,17.53,0,-1,-1,-1,-1,16.14,0,-1,-1,-1,-1,16.71,0,-1,-1,-1,-1
2.1017,23.09,0,-1,-1,-1,-1,23.16,0,-1,-1,-1,-1,17.45,0,-1,-1,-1,-1,16.09,0,-1,-1,-1,-1,14.80,0,-1,-1,-1,-1
2.1183,21.92,0,-1,-1,-1,-1,19.76,0,-1,-1,-1,-1,17.37,0,-1,-1,-1,-1,16.06,0,-1,-1,-1,-1,13.82,0,-1,-1,-1,-1
2.1350,21.09,0,-1,-1,-1,-1,17.67,0,-1,-1,-1,-1,17.32,0,-1,-1,-1,-1,16.03,0,-1,-1,-1,-1,13.36,0,-1,-1,-1,-1
2.1517,20.42,0,-1,-1,-1,-1,17.66,0,-1,-1,-1,-1,17.27,0,-1,-1,-1,-1,16.00,0,-1,-1,-1,-1,13.04,0,-1,-1,-1,-1
2.1700,19.84,0,-1,-1,-1,-1,17.63,0,-1,-1,-1,-1,17.24,0,-1,-1,-1,-1,15.98,0,-1,-1,-1,-1,12.76,0,-1,-1,-1,-1
2.1867,19.40,0,-1,-1,-1,-1,17.60,0,-1,-1,-1,-1,17.20,0,-1,-1,-1,-1,15.95,0,-1,-1,-1,-1,12.56,0,-1,-1,-1,-1
2.2033,18.97,0,-1,-1,-1,-1,17.59,0,-1,-1,-1,-1,17.18,0,-1,-1,-1,-1,15.94,0,-1,-1,-1,-1,12.35,0,-1,-1,-1,-1
2.2183,18.68,0,-1,-1,-1,-1,17.57,0,-1,-1,-1,-1,17.16,0,-1,-1,-1,-1,15.93,0,-1,-1,-1,-1,12.21,0,-1,-1,-1,-1
2.2350,18.45,0,-1,-1,-1,-1,17.56,0,-1,-1,-1,-1,17.14,0,-1,-1,-1,-1,15.92,0,-1,-1,-1,-1,12.08,0,-1,-1,-1,-1
2.2517,18.24,0,-1,-1,-1,-1,17.55,0,-1,-1,-1,-1,17.13,0,-1,-1,-1,-1,15.91,0,-1,-1,-1,-1,12.01,0,-1,-1,-1,-1
2.2700,18.11,0,-1,-1,-1,-1,17.56,0,-1,-1,-1,-1,17.11,0,-1,-1,-1,-1,15.92,0,-1,-1,-1,-1,11.95,0,-1,-1,-1,-1
2.2850,17.97,0,-1,-1,-1,-1,17.53,0,-1,-1,-1,-1,17.11,0,-1,-1,-1,-1,15.90,0,-1,-1,-1,-1,11.88,0,-1,-1,-1,-1
2.3017,17.91,0,-1,-1,-1,-1,17.52,0,-1,-1,-1,-1,17.10,0,-1,-1,-1,-1,15.90,0,-1,-1,-1,-1,11.82,0,-1,-1,-1,-1
2.3183,17.78,0,-1,-1,-1,-1,17.52,0,-1,-1,-1,-1,17.10,0,-1,-1,-1,-1,15.89,0,-1,-1,-1,-1,11.80,0,-1,-1,-1,-1
2.3350,17.70,0,-1,-1,-1,-1,17.51,0,-1,-1,-1,-1,17.09,0,-1,-1,-1,-1,15.89,0,-1,-1,-1,-1,11.74,0,-1,-1,-1,-1
2.3517,17.67,0,-1,-1,-1,-1,17.51,0,-1,-1,-1,-1,17.09,0,-1,-1,-1,-1,15.89,0,-1,-1,-1,-1,11.75,0,-1,-1,-1,-1
2.3683,17.59,0,-1,-1,-1,-1,17.51,0,-1,-1,-1,-1,17.09,0,-1,-1,-1,-1,15.88,0,-1,-1,-1,-1,11.69,0,-1,-1,-1,-1
2.3850,17.63,0,-1,-1,-1,-1,17.52,0,-1,-1,-1,-1,17.09,0,-1,-1,-1,-1,15.88,0,-1,-1,-1,-1,11.69,0,-1,-1,-1,-1
2.4017,17.57,0,-1,-1,-1,-1,17.50,0,-1,-1,-1,-1,17.08,0,-1,-1,-1,-1,15.88,0,-1,-1,-1,-1,11.69,0,-1,-1,-1,-1
2.4183,17.52,0,-1,-1,-1,-1,17.50,0,-1,-1,-1,-1,17.09,0,-1,-1,-1,-1,15.88,0,-1,-1,-1,-1,11.67,0,-1,-1,-1,-1
2.4367,17.51,0,-1,-1,-1,-1,17.50,0,-1,-1,-1,-1,17.08,0,-1,-1,-1,-1,15.88,0,-1,-1,-1,-1,11.67,0,-1,-1,-1,-1
2.4517,17.45,0,-1,-1,-1,-1,17.50,0,-1,-1,-1,-1,17.08,0,-1,-1,-1,-1,15.87,0,-1,-1,-1,-1,11.61,0,-1,-1,-1,-1
2.4683,17.41,0,-1,-1,-1,-1,17.49,0,-1,-1,-1,-1,17.07,0,-1,-1,-1,-1,15.87,0,-1,-1,-1,-1,11.61,0,-1,-1,-1,-1
2.4833,17.41,0,-1,-1,-1,-1,17.49,0,-1,-1,-1,-1,17.07,0,-1,-1,-1,-1,15.87,0,-1,-1,-1,-1,11.61,0,-1,-1,-1,-1
2.5017,17.41,0,-1,-1,-1,-1,17.49,0,-1,-1,-1,-1,17.07,0,-1,-1,-1,-1,15.87,0,-1,-1,-1,-1,11.61,0,-1,-1,-1,-1
2.5067,17.08,0,-1,-1,-1,-1,17.49,0,-1,-1,-1,-1,17.07,0,-1,-1,-1,-1,15.87,0,-1,-1,-1,-1,11.61,0,-1,-1,-1,-1
2.5083,17.08,0,-1,-1,-1,-1,17.49,0,-1,-1,-1,-1,17.07,0,-1,-1,-1,-1,15.87,0,-1,-1,-1,-1,11.61,0,-1,-1,-1,-1
2.5100,17.08,0,-1,-1,-1,-1,17.49,0,-1,-1,-1,-1,17.07,0,-1,-1,-1,-1,15.87,0,-1,-1,-1,-1,11.61,0,-1,-1,-1,-1
2.5167,17.08,0,-1,-1,-1,-1,17.49,0,-1,-1,-1,-1,17.07,0,-1,-1,-1,-1,15.87,0,-1,-1,-1,-1,11.61,0,-1,-1,-1,-1
2.9150,16.67,0,-1,-1,-1,-1,17.49,0,-1,-1,-1,-1,17.07,0,-1,-1,-1,-1,15.87,0,-1,-1,-1,-1,11.61,0,-1,-1,-1,-1
2.9300,16.67,0,-1,-1,-1,-1,17.49,0,-1,-1,-1,-1,17.07,0,-1,-1,-1,-1,15.87,0,-1,-1,-1,-1,11.61,0,-1,-1,-1,-1
2.9333,16.90,0,-1,-1,-1,-1,17.49,0,-1,-1,-1,-1,17.07,0,-1,-1,-1,-1,15.87,0,-1,-1,-1,-1,11.61,0,-1,-1,-1,-1
2.9483,16.90,0,-1,-1,-1,-1,17.49,0,-1,-1,-1,-1,17.07,0,-1,-1,-1,-1,15.87,0,-1,-1,-1,-1,11.61,0,-1,-1,-1,-1
2.9650,16.91,0,-1,-1,-1,-1,17.49,0,-1,-1,-1,-1,17.07,0,-1,-1,-1,-1,15.87,0,-1,-1,-1,-1,11.61,0,-1,-1,-1,-1
2.9817,16.92,0,-1,-1,-1,-1,17.49,0,-1,-1,-1,-1,17.07,0,-1,-1,-1,-1,15.87,0,-1,-1,-1,-1,11.61,0,-1,-1,-1,-1
2.9983,16.94,0,-1,-1,-1,-1,17.49,0,-1,-1,-1,-1,17.07,0,-1,-1,-1,-1,15.87,0,-1,-1,-1,-1,11.61,0,-1,-1,-1,-1
3.0167,16.91,0,-1,-1,-1,-1,16.80,0,-1,-1,-1,-1,16.99,0,-1,-1,-1,-1,15.85,0,-1,-1,-1,-1,11.60,0,-1,-1,-1,-1
3.0333,16.93,0,-1,-1,-1,-1,16.76,0,-1,-1,-1,-1,16.99,0,-1,-1,-1,-1,15.83,0,-1,-1,-1,-1,11.60,0,-1,-1,-1,-1
3.0500,16.94,0,-1,-1,-1,-1,16.71,0,-1,-1,-1,-1,16.98,0,-1,-1,-1,-1,15.82,0,-1,-1,-1,-1,11.56,0,-1,-1,-1,-1
3.0667,17.03,0,-1,-1,-1,-1,16.84,0,-1,-1,-1,-1,17.03,0,-1,-1,-1,-1,15.89,0,-1,-1,-1,-1,11.66,0,-1,-1,-1,-1
3.0833,17.01,0,-1,-1,-1,-1,16.78,0,-1,-1,-1,-1,16.99,0,-1,-1,-1,-1,15.85,0,-1,-1,-1,-1,11.61,0,-1,-1,-1,-1
3.0983,17.05,0,-1,-1,-1,-1,16.85,0,-1,-1,-1,-1,17.02,0,-1,-1,-1,-1,15.88,0,-1,-1,-1,-1,11.65,0,-1,-1,-1,-1
3.1167,17.04,0,-1,-1,-1,-1,16.78,0,-1,-1,-1,-1,17.00,0,-1,-1,-1,-1,15.85,0,-1,-1,-1,-1,11.61,0,-1,-1,-1,-1
3.1350,17.05,0,-1,-1,-1,-1,16.81,0,-1,-1,-1,-1,17.00,0,-1,-1,-1,-1,15.86,0,-1,-1,-1,-1,11.62,0,-1,-1,-1,-1
3.1500,17.03,0,-1,-1,-1,-1,16.78,0,-1,-1,-1,-1,16.99,0,-1,-1,-1,-1,15.83,0,-1,-1,-1,-1,11.60,0,-1,-1,-1,-1
3.1667,17.03,0,-1,-1,-1,-1,16.80,0,-1,-1,-1,-1,17.00,0,-1,-1,-1,-1,15.84,0,-1,-1,-1,-1,11.60,0,-1,-1,-1,-1
3.1833,17.03,0,-1,-1,-1,-1,16.76,0,-1,-1,-1,-1,16.99,0,-1,-1,-1,-1,15.82,0,-1,-1,-1,-1,11.59,0,-1,-1,-1,-1
3.2000,17.03,0,-1,-1,-1,-1,16.79,0,-1,-1,-1,-1,17.00,0,-1,-1,-1,-1,15.84,0,-1,-1,-1,-1,11.60,0,-1,-1,-1,-1
3.2167,17.02,0,-1,-1,-1,-1,16.76,0,-1,-1,-1,-1,16.99,0,-1,-1,-1,-1,15.82,0,-1,-1,-1,-1,11.58,0,-1,-1,-1,-1
3.2333,17.03,0,-1,-1,-1,-1,16.79,0,-1,-1,-1,-1,16.99,0,-1,-1,-1,-1,15.83,0,-1,-1,-1,-1,11.59,0,-1,-1,-1,-1
3.2500,17.01,0,-1,-1,-1,-1,16.76,0,-1,-1,-1,-1,16.98,0,-1,-1,-1,-1,15.81,0,-1,-1,-1,-1,11.56,0,-1,-1,-1,-1
3.2667,17.02,0,-1,-1,-1,-1,16.79,0,-1,-1,-1,-1,16.99,0,-1,-1,-1,-1,15.83,0,-1,-1,-1,-1,11.57,0,-1,-1,-1,-1
3.2817,17.01,0,-1,-1,-1,-1,16.74,0,-1,-1,-1,-1,16.98,0,-1,-1,-1,-1,15.80,0,-1,-1,-1,-1,11.54,0,-1,-1,-1,-1
3.3817,17.01,0,-1,-1,-1,-1,16.70,0,-1,-1,-1,-1,16.99,0,-1,-1,-1,-1,15.80,0,-1,-1,-1,-1,11.54,0,-1,-1,-1,-1
3.4767,17.02,0,-1,-1,-1,-1,16.78,0,-1,-1,-1,-1,17.00,0,-1,-1,-1,-1,15.81,0,-1,-1,-1,-1,11.56,0,-1,-1,-1,-1
3.4900,17.01,0,-1,-1,-1,-1,16.79,0,-1,-1,-1,-1,16.99,0,-1,-1,-1,-1,15.80,0,-1,-1,-1,-1,11.56,0,-1,-1,-1,-1
3.5067,17.01,0,-1,-1,-1,-1,16.78,0,-1,-1,-1,-1,16.99,0,-1,-1,-1,-1,15.80,0,-1,-1,-1,-1,11.55,0,-1,-1,-1,-1
3.5083,17.01,0,-1,-1,-1,-1,16.79,0,-1,-1,-1,-1,16.98,0,-1,-1,-1,-1,15.80,0,-1,-1,-1,-1,11.55,0,-1,-1,-1,-1
3.5217,17.03,0,-1,-1,-1,-1,16.78,0,-1,-1,-1,-1,17.00,0,-1,-1,-1,-1,15.82,0,-1,-1,-1,-1,11.57,0,-1,-1,-1,-1
3.5383,17.08,0,-1,-1,-1,-1,17.03,0,-1,-1,-1,-1,17.04,0,-1,-1,-1,-1,15.87,0,-1,-1,-1,-1,11.66,0,-1,-1,-1,-1
3.5500,17.17,0,-1,-1,-1,-1,18.12,0,-1,-1,-1,-1,17.07,0,-1,-1,-1,-1,15.90,0,-1,-1,-1,-1,11.82,0,-1,-1,-1,-1
3.5667,17.14,0,-1,-1,-1,-1,18.52,0,-1,-1,-1,-1,17.02,0,-1,-1,-1,-1,15.90,0,-1,-1,-1,-1,11.75,0,-1,-1,-1,-1
3.5833,17.34,0,-1,-1,-1,-1,19.44,0,-1,-1,-1,-1,17.15,0,-1,-1,-1,-1,16.03,0,-1,-1,-1,-1,12.00,0,-1,-1,-1,-1
3.6000,17.31,0,-1,-1,-1,-1,19.92,0,-1,-1,-1,-1,17.06,0,-1,-1,-1,-1,16.04,0,-1,-1,-1,-1,12.02,0,-1,-1,-1,-1
3.6167,17.40,0,-1,-1,-1,-1,20.56,0,-1,-1,-1,-1,17.18,0,-1,-1,-1,-1,16.13,0,-1,-1,-1,-1,12.07,0,-1,-1,-1,-1
3.6333,17.47,0,-1,-1,-1,-1,21.19,0,-1,-1,-1,-1,17.15,0,-1,-1,-1,-1,16.25,0,-1,-1,-1,-1,12.26,0,-1,-1,-1,-1
3.6533,17.59,0,-1,-1,-1,-1,21.59,0,-1,-1,-1,-1,17.25,0,-1,-1,-1,-1,16.39,0,-1,-1,-1,-1,12.42,0,-1,-1,-1,-1
3.6667,17.61,0,-1,-1,-1,-1,21.86,0,-1,-1,-1,-1,17.26,0,-1,-1,-1,-1,16.40,0,-1,-1,-1,-1,12.44,0,-1,-1,-1,-1
3.6817,17.62,0,-1,-1,-1,-1,22.00,0,-1,-1,-1,-1,17.27,0,-1,-1,-1,-1,16.40,0,-1,-1,-1,-1,12.44,0,-1,-1,-1,-1
3.7000,17.63,0,-1,-1,-1,-1,22.03,0,-1,-1,-1,-1,17.27,0,-1,-1,-1,-1,16.41,0,-1,-1,-1,-1,12.46,0,-1,-1,-1,-1
3.7233,17.75,0,-1,-1,-1,-1,31.26,0,-1,-1,-1,-1,17.27,0,-1,-1,-1,-1,16.41,0,-1,-1,-1,-1,12.44,0,-1,-1,-1,-1
3.7733,17.75,0,-1,-1,-1,-1,31.27,0,-1,-1,-1,-1,17.27,0,-1,-1,-1,-1,16.41,0,-1,-1,-1,-1,12.45,0,-1,-1,-1,-1
3.7833,17.98,1703,284,203,375,260,47.48,1362,284,203,359,260,17.27,0,-1,-1,-1,-1,16.41,0,-1,-1,-1,-1,12.44,0,-1,-1,-1,-1
3.8950,17.98,1708,284,203,375,260,47.50,1366,284,203,359,260,17.27,0,-1,-1,-1,-1,16.41,0,-1,-1,-1,-1,12.44,0,-1,-1,-1,-1
4.0033,17.99,1710,284,203,375,260,47.51,1367,284,203,359,260,17.28,0,-1,-1,-1,-1,16.43,0,-1,-1,-1,-1,12.46,0,-1,-1,-1,-1
4.0167,17.99,1704,284,203,375,260,47.52,1369,284,203,359,260,17.28,0,-1,-1,-1,-1,16.42,0,-1,-1,-1,-1,12.45,0,-1,-1,-1,-1
4.0667,31.69,1709,284,203,375,260,47.44,1367,284,203,359,260,43.27,0,-1,-1,-1,-1,71.34,0,-1,-1,-1,-1,15.36,0,-1,-1,-1,-1
4.0817,38.90,8879,170,203,553,794,47.39,1365,284,203,359,260,48.16,7173,170,714,553,794,135.29,0,-1,-1,-1,-1,15.72,0,-1,-1,-1,-1
4.0983,40.61,9189,170,203,553,794,47.39,1366,284,203,359,260,49.23,7482,170,714,553,794,150.84,0,-1,-1,-1,-1,15.75,0,-1,-1,-1,-1
4.1150,41.91,9196,170,203,554,792,47.39,1366,284,203,359,260,49.99,7489,170,712,554,792,162.76,0,-1,-1,-1,-1,15.82,0,-1,-1,-1,-1
4.1317,42.94,87073,80,203,1093,1633,47.39,1366,284,203,359,260,50.64,7772,170,712,554,792,172.02,77594,80,1465,1093,1633,15.84,0,-1,-1,-1,-1
4.1517,43.59,204690,80,203,1094,1669,47.39,1366,284,203,359,260,50.95,7815,170,711,554,792,178.36,195168,80,1464,1094,1669,15.85,0,-1,-1,-1,-1
4.1667,44.17,206549,80,203,1094,1668,47.39,1367,284,203,359,260,51.19,7831,170,711,554,792,184.04,197010,80,1462,1094,1668,15.87,0,-1,-1,-1,-1
4.1850,44.57,205832,80,203,1094,1667,47.40,1367,284,203,359,260,51.42,7841,170,711,554,792,187.69,196283,80,1462,1094,1667,15.88,0,-1,-1,-1,-1
4.2033,44.80,205847,79,203,1094,1667,47.40,1366,284,203,359,260,51.42,7844,170,711,554,792,190.21,196294,80,1462,1094,1667,15.89,0,-1,-1,-1,-1
4.2200,44.92,205877,79,203,1094,1666,47.40,1366,284,203,359,260,51.42,7844,170,711,554,792,191.64,196324,80,1461,1094,1666,15.89,0,-1,-1,-1,-1
4.2350,45.06,205932,79,203,1094,1666,47.40,1366,284,203,359,260,51.41,7844,170,711,554,792,193.25,196378,80,1461,1094,1666,15.87,0,-1,-1,-1,-1
4.2517,45.07,205942,79,203,1094,1666,47.40,1366,284,203,359,260,51.43,7845,170,711,554,792,193.30,196387,80,1461,1094,1666,15.88,0,-1,-1,-1,-1
4.2833,45.07,205940,79,203,1094,1666,47.40,1366,284,203,359,260,51.43,7845,170,711,554,792,193.29,196385,80,1461,1094,1666,15.88,0,-1,-1,-1,-1
