t,full_luma,full_lime,full_x0,full_y0,full_x1,full_y1,word_luma,word_lime,word_x0,word_y0,word_x1,word_y1,card_luma,card_lime,card_x0,card_y0,card_x1,card_y1,cta_luma,cta_lime,cta_x0,cta_y0,cta_x1,cta_y1
0.0000,137.07,3404,127,72,1072,571,183.95,128,160,274,190,279,162.52,5,171,564,173,571,135.93,0,-1,-1,-1,-1
1.8833,136.66,2972,128,275,231,588,182.28,95,162,275,189,279,164.45,19,172,565,179,588,134.64,0,-1,-1,-1,-1
1.8867,136.69,3006,128,275,233,588,182.39,95,162,275,189,279,164.49,19,172,565,179,588,134.67,0,-1,-1,-1,-1
1.8900,136.65,2970,128,275,231,588,182.25,95,162,275,189,279,164.44,17,172,565,179,588,134.63,0,-1,-1,-1,-1
1.9050,132.92,1039,133,282,190,381,174.93,0,-1,-1,-1,-1,164.86,0,-1,-1,-1,-1,128.72,0,-1,-1,-1,-1
1.9150,116.72,0,-1,-1,-1,-1,166.65,0,-1,-1,-1,-1,127.34,0,-1,-1,-1,-1,120.88,0,-1,-1,-1,-1
1.9317,97.36,0,-1,-1,-1,-1,158.42,0,-1,-1,-1,-1,80.39,0,-1,-1,-1,-1,112.87,0,-1,-1,-1,-1
1.9483,80.15,0,-1,-1,-1,-1,149.49,0,-1,-1,-1,-1,54.50,0,-1,-1,-1,-1,87.35,0,-1,-1,-1,-1
1.9667,67.14,0,-1,-1,-1,-1,141.10,0,-1,-1,-1,-1,40.99,0,-1,-1,-1,-1,41.60,0,-1,-1,-1,-1
1.9833,57.27,0,-1,-1,-1,-1,133.85,0,-1,-1,-1,-1,32.68,0,-1,-1,-1,-1,31.13,0,-1,-1,-1,-1
2.0000,49.08,0,-1,-1,-1,-1,120.21,0,-1,-1,-1,-1,26.46,0,-1,-1,-1,-1,25.58,0,-1,-1,-1,-1
2.0167,42.87,0,-1,-1,-1,-1,96.32,0,-1,-1,-1,-1,22.53,0,-1,-1,-1,-1,21.48,0,-1,-1,-1,-1
2.0333,37.86,0,-1,-1,-1,-1,70.70,0,-1,-1,-1,-1,19.99,0,-1,-1,-1,-1,19.06,0,-1,-1,-1,-1
2.0500,33.48,0,-1,-1,-1,-1,45.06,0,-1,-1,-1,-1,18.03,0,-1,-1,-1,-1,17.18,0,-1,-1,-1,-1
2.0683,29.75,0,-1,-1,-1,-1,33.87,0,-1,-1,-1,-1,17.79,0,-1,-1,-1,-1,16.24,0,-1,-1,-1,-1
2.0833,26.82,0,-1,-1,-1,-1,27.27,0,-1,-1,-1,-1,17.65,0,-1,-1,-1,-1,16.18,0,-1,-1,-1,-1
2.1017,24.72,0,-1,-1,-1,-1,24.15,0,-1,-1,-1,-1,17.54,0,-1,-1,-1,-1,16.15,0,-1,-1,-1,-1
2.1183,23.14,0,-1,-1,-1,-1,20.84,0,-1,-1,-1,-1,17.46,0,-1,-1,-1,-1,16.10,0,-1,-1,-1,-1
2.1333,21.95,0,-1,-1,-1,-1,18.99,0,-1,-1,-1,-1,17.38,0,-1,-1,-1,-1,16.08,0,-1,-1,-1,-1
2.1500,21.08,0,-1,-1,-1,-1,17.68,0,-1,-1,-1,-1,17.33,0,-1,-1,-1,-1,16.03,0,-1,-1,-1,-1
2.1683,20.38,0,-1,-1,-1,-1,17.67,0,-1,-1,-1,-1,17.28,0,-1,-1,-1,-1,16.01,0,-1,-1,-1,-1
2.1733,20.37,0,-1,-1,-1,-1,17.67,0,-1,-1,-1,-1,17.28,0,-1,-1,-1,-1,15.99,0,-1,-1,-1,-1
2.1917,19.80,0,-1,-1,-1,-1,17.65,0,-1,-1,-1,-1,17.24,0,-1,-1,-1,-1,15.99,0,-1,-1,-1,-1
2.2100,19.39,0,-1,-1,-1,-1,17.63,0,-1,-1,-1,-1,17.21,0,-1,-1,-1,-1,15.95,0,-1,-1,-1,-1
2.2267,18.94,0,-1,-1,-1,-1,17.61,0,-1,-1,-1,-1,17.19,0,-1,-1,-1,-1,15.94,0,-1,-1,-1,-1
2.2417,18.63,0,-1,-1,-1,-1,17.58,0,-1,-1,-1,-1,17.16,0,-1,-1,-1,-1,15.93,0,-1,-1,-1,-1
2.2617,18.44,0,-1,-1,-1,-1,17.58,0,-1,-1,-1,-1,17.15,0,-1,-1,-1,-1,15.92,0,-1,-1,-1,-1
2.2750,18.21,0,-1,-1,-1,-1,17.56,0,-1,-1,-1,-1,17.13,0,-1,-1,-1,-1,15.91,0,-1,-1,-1,-1
2.2917,18.08,0,-1,-1,-1,-1,17.56,0,-1,-1,-1,-1,17.12,0,-1,-1,-1,-1,15.92,0,-1,-1,-1,-1
2.3083,17.92,0,-1,-1,-1,-1,17.55,0,-1,-1,-1,-1,17.11,0,-1,-1,-1,-1,15.90,0,-1,-1,-1,-1
2.3267,17.88,0,-1,-1,-1,-1,17.53,0,-1,-1,-1,-1,17.10,0,-1,-1,-1,-1,15.90,0,-1,-1,-1,-1
2.3433,17.76,0,-1,-1,-1,-1,17.53,0,-1,-1,-1,-1,17.10,0,-1,-1,-1,-1,15.89,0,-1,-1,-1,-1
2.3583,17.66,0,-1,-1,-1,-1,17.51,0,-1,-1,-1,-1,17.09,0,-1,-1,-1,-1,15.89,0,-1,-1,-1,-1
2.3733,17.63,0,-1,-1,-1,-1,17.51,0,-1,-1,-1,-1,17.09,0,-1,-1,-1,-1,15.89,0,-1,-1,-1,-1
2.3900,17.54,0,-1,-1,-1,-1,17.50,0,-1,-1,-1,-1,17.09,0,-1,-1,-1,-1,15.88,0,-1,-1,-1,-1
2.4083,17.59,0,-1,-1,-1,-1,17.50,0,-1,-1,-1,-1,17.09,0,-1,-1,-1,-1,15.88,0,-1,-1,-1,-1
2.4267,17.52,0,-1,-1,-1,-1,17.50,0,-1,-1,-1,-1,17.08,0,-1,-1,-1,-1,15.88,0,-1,-1,-1,-1
2.4417,17.48,0,-1,-1,-1,-1,17.51,0,-1,-1,-1,-1,17.09,0,-1,-1,-1,-1,15.88,0,-1,-1,-1,-1
2.4583,17.47,0,-1,-1,-1,-1,17.50,0,-1,-1,-1,-1,17.08,0,-1,-1,-1,-1,15.88,0,-1,-1,-1,-1
2.4750,17.41,0,-1,-1,-1,-1,17.50,0,-1,-1,-1,-1,17.08,0,-1,-1,-1,-1,15.87,0,-1,-1,-1,-1
2.4933,17.37,0,-1,-1,-1,-1,17.49,0,-1,-1,-1,-1,17.07,0,-1,-1,-1,-1,15.87,0,-1,-1,-1,-1
2.5083,17.37,0,-1,-1,-1,-1,17.49,0,-1,-1,-1,-1,17.07,0,-1,-1,-1,-1,15.87,0,-1,-1,-1,-1
2.5250,17.37,0,-1,-1,-1,-1,17.49,0,-1,-1,-1,-1,17.08,0,-1,-1,-1,-1,15.87,0,-1,-1,-1,-1
2.5300,16.79,0,-1,-1,-1,-1,17.49,0,-1,-1,-1,-1,17.07,0,-1,-1,-1,-1,15.87,0,-1,-1,-1,-1
2.5417,16.90,0,-1,-1,-1,-1,17.49,0,-1,-1,-1,-1,17.07,0,-1,-1,-1,-1,15.87,0,-1,-1,-1,-1
2.5567,16.90,0,-1,-1,-1,-1,17.49,0,-1,-1,-1,-1,17.07,0,-1,-1,-1,-1,15.87,0,-1,-1,-1,-1
2.5733,16.91,0,-1,-1,-1,-1,17.49,0,-1,-1,-1,-1,17.08,0,-1,-1,-1,-1,15.87,0,-1,-1,-1,-1
2.5900,16.92,0,-1,-1,-1,-1,17.49,0,-1,-1,-1,-1,17.07,0,-1,-1,-1,-1,15.87,0,-1,-1,-1,-1
2.6067,16.93,0,-1,-1,-1,-1,17.49,0,-1,-1,-1,-1,17.07,0,-1,-1,-1,-1,15.87,0,-1,-1,-1,-1
2.6233,16.95,0,-1,-1,-1,-1,17.49,0,-1,-1,-1,-1,17.07,0,-1,-1,-1,-1,15.87,0,-1,-1,-1,-1
2.6400,16.92,0,-1,-1,-1,-1,16.81,0,-1,-1,-1,-1,16.99,0,-1,-1,-1,-1,15.85,0,-1,-1,-1,-1
2.6567,16.94,0,-1,-1,-1,-1,16.76,0,-1,-1,-1,-1,16.99,0,-1,-1,-1,-1,15.83,0,-1,-1,-1,-1
2.6733,16.93,0,-1,-1,-1,-1,16.71,0,-1,-1,-1,-1,16.98,0,-1,-1,-1,-1,15.81,0,-1,-1,-1,-1
2.6917,16.97,0,-1,-1,-1,-1,16.75,0,-1,-1,-1,-1,16.99,0,-1,-1,-1,-1,15.82,0,-1,-1,-1,-1
2.7083,16.99,0,-1,-1,-1,-1,16.82,0,-1,-1,-1,-1,16.99,0,-1,-1,-1,-1,15.84,0,-1,-1,-1,-1
2.7250,16.98,0,-1,-1,-1,-1,16.75,0,-1,-1,-1,-1,16.98,0,-1,-1,-1,-1,15.82,0,-1,-1,-1,-1
2.7417,17.00,0,-1,-1,-1,-1,16.82,0,-1,-1,-1,-1,16.99,0,-1,-1,-1,-1,15.84,0,-1,-1,-1,-1
2.7583,16.99,0,-1,-1,-1,-1,16.76,0,-1,-1,-1,-1,16.99,0,-1,-1,-1,-1,15.84,0,-1,-1,-1,-1
2.7733,16.99,0,-1,-1,-1,-1,16.76,0,-1,-1,-1,-1,16.99,0,-1,-1,-1,-1,15.81,0,-1,-1,-1,-1
2.7900,17.00,0,-1,-1,-1,-1,16.81,0,-1,-1,-1,-1,17.00,0,-1,-1,-1,-1,15.82,0,-1,-1,-1,-1
2.8067,16.98,0,-1,-1,-1,-1,16.80,0,-1,-1,-1,-1,16.99,0,-1,-1,-1,-1,15.81,0,-1,-1,-1,-1
2.8250,16.99,0,-1,-1,-1,-1,16.83,0,-1,-1,-1,-1,17.00,0,-1,-1,-1,-1,15.81,0,-1,-1,-1,-1
2.8400,16.98,0,-1,-1,-1,-1,16.80,0,-1,-1,-1,-1,16.99,0,-1,-1,-1,-1,15.80,0,-1,-1,-1,-1
2.8567,16.99,0,-1,-1,-1,-1,16.83,0,-1,-1,-1,-1,17.00,0,-1,-1,-1,-1,15.81,0,-1,-1,-1,-1
2.8733,16.98,0,-1,-1,-1,-1,16.80,0,-1,-1,-1,-1,16.99,0,-1,-1,-1,-1,15.80,0,-1,-1,-1,-1
2.8900,16.98,0,-1,-1,-1,-1,16.83,0,-1,-1,-1,-1,17.00,0,-1,-1,-1,-1,15.81,0,-1,-1,-1,-1
2.9250,16.97,0,-1,-1,-1,-1,16.80,0,-1,-1,-1,-1,16.99,0,-1,-1,-1,-1,15.80,0,-1,-1,-1,-1
2.9383,16.98,0,-1,-1,-1,-1,16.83,0,-1,-1,-1,-1,17.00,0,-1,-1,-1,-1,15.81,0,-1,-1,-1,-1
2.9567,16.97,0,-1,-1,-1,-1,16.80,0,-1,-1,-1,-1,16.99,0,-1,-1,-1,-1,15.80,0,-1,-1,-1,-1
2.9733,16.98,0,-1,-1,-1,-1,16.83,0,-1,-1,-1,-1,17.00,0,-1,-1,-1,-1,15.81,0,-1,-1,-1,-1
2.9900,17.09,0,-1,-1,-1,-1,20.75,0,-1,-1,-1,-1,17.03,0,-1,-1,-1,-1,15.87,0,-1,-1,-1,-1
3.0067,17.24,0,-1,-1,-1,-1,24.23,0,-1,-1,-1,-1,17.08,0,-1,-1,-1,-1,15.90,0,-1,-1,-1,-1
3.0250,17.28,0,-1,-1,-1,-1,28.04,0,-1,-1,-1,-1,17.10,0,-1,-1,-1,-1,15.90,0,-1,-1,-1,-1
3.0417,17.45,0,-1,-1,-1,-1,32.10,0,-1,-1,-1,-1,17.13,0,-1,-1,-1,-1,16.04,0,-1,-1,-1,-1
3.0583,17.66,0,-1,-1,-1,-1,36.56,0,-1,-1,-1,-1,17.22,0,-1,-1,-1,-1,16.25,0,-1,-1,-1,-1
3.0733,17.66,0,-1,-1,-1,-1,40.49,0,-1,-1,-1,-1,17.22,0,-1,-1,-1,-1,16.20,0,-1,-1,-1,-1
3.0917,17.76,896,284,204,375,260,43.60,708,284,204,359,260,17.18,0,-1,-1,-1,-1,16.25,0,-1,-1,-1,-1
3.1083,17.91,1644,284,203,375,260,45.74,1313,284,203,359,260,17.28,0,-1,-1,-1,-1,16.41,0,-1,-1,-1,-1
3.1250,17.93,1693,284,203,375,260,47.05,1355,284,203,359,260,17.27,0,-1,-1,-1,-1,16.40,0,-1,-1,-1,-1
3.1417,17.93,1696,284,203,375,260,47.43,1359,284,203,359,260,17.27,0,-1,-1,-1,-1,16.40,0,-1,-1,-1,-1
3.1583,17.94,1700,284,203,375,260,47.46,1362,284,203,359,260,17.27,0,-1,-1,-1,-1,16.42,0,-1,-1,-1,-1
3.1800,17.93,1700,284,203,375,260,47.45,1362,284,203,359,260,17.26,0,-1,-1,-1,-1,16.40,0,-1,-1,-1,-1
3.2617,36.91,1700,284,203,375,260,47.40,1362,284,203,359,260,55.12,0,-1,-1,-1,-1,91.57,0,-1,-1,-1,-1
3.2750,44.08,60124,153,203,1026,1237,47.40,1359,284,203,359,260,61.18,58427,153,606,1026,1237,150.87,0,-1,-1,-1,-1
3.2900,45.49,60680,153,203,1026,1236,47.39,1360,284,203,359,260,62.24,58982,153,604,1026,1236,162.78,0,-1,-1,-1,-1
3.3083,46.60,138498,80,203,1093,1617,47.39,1360,284,203,359,260,63.16,59416,153,603,1026,1236,172.04,77384,80,1465,1093,1617
3.3250,47.28,256499,80,203,1094,1669,47.38,1360,284,203,359,260,63.54,59539,153,603,1026,1236,178.36,195262,80,1464,1094,1669
3.3417,47.89,258857,80,203,1094,1668,47.34,1363,284,203,359,260,63.91,60104,153,603,1026,1235,184.05,197050,80,1462,1094,1668
3.3583,48.29,258198,80,203,1094,1667,47.35,1366,284,203,359,260,64.13,60202,153,603,1026,1235,187.68,196290,80,1462,1094,1667
3.3750,48.53,258194,79,203,1094,1667,47.35,1366,284,203,359,260,64.13,60189,153,603,1026,1235,190.21,196298,80,1462,1094,1667
3.3933,48.65,258231,79,203,1094,1666,47.36,1366,284,203,359,260,64.13,60191,153,603,1026,1235,191.64,196333,80,1461,1094,1666
3.4100,48.79,258285,79,203,1094,1666,47.36,1366,284,203,359,260,64.13,60190,153,603,1026,1235,193.25,196386,80,1461,1094,1666
3.4250,48.80,258291,79,203,1094,1666,47.36,1366,284,203,359,260,64.14,60193,153,603,1026,1235,193.32,196395,80,1461,1094,1666
3.4450,48.80,258290,79,203,1094,1666,47.36,1366,284,203,359,260,64.14,60192,153,603,1026,1235,193.30,196395,80,1461,1094,1666
3.4783,48.80,258290,79,203,1094,1666,47.37,1366,284,203,359,260,64.14,60192,153,603,1026,1235,193.30,196395,80,1461,1094,1666
