t,card_luma,card_lime,card_x0,card_y0,card_x1,card_y1,cta_luma,cta_lime,cta_x0,cta_y0,cta_x1,cta_y1,caption_luma,caption_lime,caption_x0,caption_y0,caption_x1,caption_y1
0.0000,162.52,5,171,564,173,571,135.93,0,-1,-1,-1,-1,87.28,0,-1,-1,-1,-1
1.8700,162.52,5,171,564,173,571,135.93,0,-1,-1,-1,-1,87.29,0,-1,-1,-1,-1
1.8717,162.54,5,171,564,173,571,135.95,0,-1,-1,-1,-1,87.32,0,-1,-1,-1,-1
1.8883,166.88,10,174,568,179,586,131.85,0,-1,-1,-1,-1,85.27,0,-1,-1,-1,-1
1.8933,166.88,6,174,568,176,584,131.85,0,-1,-1,-1,-1,85.29,0,-1,-1,-1,-1
1.9117,152.48,0,-1,-1,-1,-1,124.51,0,-1,-1,-1,-1,80.93,0,-1,-1,-1,-1
1.9200,119.80,54007,432,566,912,1258,116.57,0,-1,-1,-1,-1,76.17,0,-1,-1,-1,-1
1.9367,91.78,65535,374,536,942,1329,107.97,0,-1,-1,-1,-1,71.30,0,-1,-1,-1,-1
1.9533,71.65,40572,335,502,956,1329,67.97,0,-1,-1,-1,-1,66.84,0,-1,-1,-1,-1
1.9717,61.56,29502,331,464,943,1187,67.12,26383,288,1450,982,1489,45.53,0,-1,-1,-1,-1
1.9883,57.99,34040,299,450,958,1206,90.16,58894,244,1450,1009,1532,12.64,0,-1,-1,-1,-1
2.0050,55.54,37708,273,714,970,1219,111.10,86905,214,1450,1024,1563,13.71,0,-1,-1,-1,-1
2.0217,55.42,41452,251,699,981,1227,128.67,110606,189,1450,1037,1587,15.32,0,-1,-1,-1,-1
2.0383,55.63,44361,232,684,989,1232,142.29,129610,169,1450,1048,1605,17.10,0,-1,-1,-1,-1
2.0550,56.66,47032,218,672,996,1234,152.48,145072,152,1450,1056,1619,18.92,0,-1,-1,-1,-1
2.0717,58.29,49440,206,660,1002,1236,162.14,156805,138,1450,1063,1629,20.60,0,-1,-1,-1,-1
2.0883,59.65,51183,196,650,1006,1237,169.89,166449,127,1450,1069,1637,22.11,0,-1,-1,-1,-1
2.1067,60.75,52646,188,642,1010,1237,175.92,173917,118,1450,1074,1643,24.62,0,-1,-1,-1,-1
2.1217,61.39,53977,181,635,1013,1237,179.53,178524,111,1452,1078,1648,27.32,0,-1,-1,-1,-1
2.1400,62.03,54927,176,630,1015,1237,182.10,181193,105,1454,1081,1651,29.58,0,-1,-1,-1,-1
2.1550,62.47,55743,172,625,1017,1237,184.14,183589,100,1456,1083,1654,31.27,0,-1,-1,-1,-1
2.1717,62.92,56543,168,621,1019,1236,185.87,186447,96,1457,1085,1657,32.72,0,-1,-1,-1,-1
2.1883,63.18,57000,165,618,1020,1236,187.22,187473,93,1458,1087,1658,33.90,0,-1,-1,-1,-1
2.2067,63.50,57324,163,615,1022,1236,188.39,189948,90,1458,1088,1660,34.95,0,-1,-1,-1,-1
2.2233,63.64,57883,161,613,1022,1236,189.28,190620,88,1459,1089,1661,35.36,0,-1,-1,-1,-1
2.2400,63.79,58202,160,611,1023,1236,190.04,192026,87,1459,1090,1662,35.73,0,-1,-1,-1,-1
2.2567,63.79,58545,158,610,1024,1236,190.63,192512,85,1460,1091,1663,35.94,0,-1,-1,-1,-1
2.2733,63.92,58658,157,608,1024,1235,191.15,192807,84,1460,1091,1663,36.25,0,-1,-1,-1,-1
2.2933,63.91,58541,157,608,1024,1235,191.51,193958,83,1460,1092,1664,36.41,0,-1,-1,-1,-1
2.3083,63.95,58776,156,607,1025,1235,191.82,194190,83,1460,1092,1664,36.53,0,-1,-1,-1,-1
2.3250,64.06,58967,155,606,1025,1235,192.13,195263,82,1460,1093,1665,36.79,0,-1,-1,-1,-1
2.3417,64.02,59130,155,606,1025,1235,192.31,195372,81,1460,1093,1665,36.81,0,-1,-1,-1,-1
2.3583,64.11,59000,155,605,1025,1235,192.52,194640,81,1461,1093,1665,36.99,0,-1,-1,-1,-1
2.3750,64.05,59137,154,605,1026,1235,192.65,194772,81,1461,1093,1665,37.02,0,-1,-1,-1,-1
2.3917,64.14,59242,154,604,1026,1235,192.77,194813,80,1461,1093,1665,37.20,0,-1,-1,-1,-1
2.4083,64.09,59295,154,604,1026,1235,192.83,194949,80,1461,1094,1666,37.15,0,-1,-1,-1,-1
2.4250,64.17,59437,154,604,1026,1235,192.90,195728,80,1461,1094,1666,37.27,0,-1,-1,-1,-1
2.4417,64.10,59517,154,604,1026,1235,192.89,195787,80,1461,1094,1666,37.19,0,-1,-1,-1,-1
2.4583,64.20,59420,153,604,1026,1236,192.98,195000,80,1462,1094,1666,37.41,0,-1,-1,-1,-1
2.4750,64.12,59772,153,604,1026,1235,193.04,195980,80,1461,1094,1666,37.26,0,-1,-1,-1,-1
2.4917,64.19,60152,153,603,1026,1235,193.34,196397,80,1461,1094,1666,37.34,0,-1,-1,-1,-1
2.5083,64.17,60147,153,603,1026,1235,193.32,196396,80,1461,1094,1666,37.33,0,-1,-1,-1,-1
2.5233,64.20,60152,153,603,1026,1235,193.33,196395,80,1461,1094,1666,37.32,0,-1,-1,-1,-1
2.5267,64.17,60154,153,603,1026,1235,193.31,196394,80,1461,1094,1666,37.32,0,-1,-1,-1,-1
2.5367,64.17,60149,153,603,1026,1235,193.31,196393,80,1461,1094,1666,37.32,0,-1,-1,-1,-1
