t,full_luma,full_lime,full_x0,full_y0,full_x1,full_y1
0.0000,137.07,3404,127,72,1072,571
1.9483,136.39,2737,128,276,231,588
1.9533,136.40,2742,128,276,231,588
1.9550,136.39,2739,128,276,231,588
1.9583,136.39,2729,128,276,232,587
1.9717,132.12,917,134,283,187,381
1.9817,115.10,0,-1,-1,-1,-1
1.9983,95.53,0,-1,-1,-1,-1
2.0167,78.94,0,-1,-1,-1,-1
2.0333,66.28,0,-1,-1,-1,-1
2.0500,56.51,0,-1,-1,-1,-1
2.0667,48.73,0,-1,-1,-1,-1
2.0833,42.39,0,-1,-1,-1,-1
2.1000,37.42,0,-1,-1,-1,-1
2.1167,33.25,0,-1,-1,-1,-1
2.1333,29.58,0,-1,-1,-1,-1
2.1500,26.77,0,-1,-1,-1,-1
2.1667,24.64,0,-1,-1,-1,-1
2.1833,23.08,0,-1,-1,-1,-1
2.2000,21.93,0,-1,-1,-1,-1
2.2167,21.12,0,-1,-1,-1,-1
2.2250,21.12,0,-1,-1,-1,-1
2.2433,20.40,0,-1,-1,-1,-1
2.2600,19.82,0,-1,-1,-1,-1
2.2783,19.38,0,-1,-1,-1,-1
2.2933,18.95,0,-1,-1,-1,-1
2.3100,18.67,0,-1,-1,-1,-1
2.3267,18.42,0,-1,-1,-1,-1
2.3433,18.23,0,-1,-1,-1,-1
2.3600,18.09,0,-1,-1,-1,-1
2.3767,17.96,0,-1,-1,-1,-1
2.3933,17.91,0,-1,-1,-1,-1
2.4100,17.77,0,-1,-1,-1,-1
2.4267,17.68,0,-1,-1,-1,-1
2.4417,17.65,0,-1,-1,-1,-1
2.4583,17.56,0,-1,-1,-1,-1
2.4750,17.61,0,-1,-1,-1,-1
2.4933,17.54,0,-1,-1,-1,-1
2.5100,17.50,0,-1,-1,-1,-1
2.5267,17.49,0,-1,-1,-1,-1
2.5433,17.43,0,-1,-1,-1,-1
2.5600,17.39,0,-1,-1,-1,-1
2.5767,17.39,0,-1,-1,-1,-1
2.5933,17.39,0,-1,-1,-1,-1
2.6017,16.79,0,-1,-1,-1,-1
2.6083,16.90,0,-1,-1,-1,-1
2.6250,16.90,0,-1,-1,-1,-1
2.6400,16.91,0,-1,-1,-1,-1
2.6567,16.92,0,-1,-1,-1,-1
2.6733,16.93,0,-1,-1,-1,-1
2.6917,16.95,0,-1,-1,-1,-1
2.7067,16.95,0,-1,-1,-1,-1
2.7250,16.96,0,-1,-1,-1,-1
2.7417,16.98,0,-1,-1,-1,-1
2.7583,17.00,0,-1,-1,-1,-1
2.7750,17.02,0,-1,-1,-1,-1
2.7917,17.00,0,-1,-1,-1,-1
2.8083,16.99,0,-1,-1,-1,-1
2.8250,17.00,0,-1,-1,-1,-1
2.8417,16.99,0,-1,-1,-1,-1
2.8583,17.00,0,-1,-1,-1,-1
2.8750,16.99,0,-1,-1,-1,-1
2.8917,16.99,0,-1,-1,-1,-1
2.9083,16.99,0,-1,-1,-1,-1
2.9283,16.99,0,-1,-1,-1,-1
2.9417,16.99,0,-1,-1,-1,-1
2.9583,16.99,0,-1,-1,-1,-1
3.0600,16.98,0,-1,-1,-1,-1
3.0817,16.99,0,-1,-1,-1,-1
3.1017,16.98,0,-1,-1,-1,-1
3.1117,16.99,0,-1,-1,-1,-1
3.1300,17.02,0,-1,-1,-1,-1
3.1450,17.15,0,-1,-1,-1,-1
3.1600,17.16,0,-1,-1,-1,-1
3.1750,17.36,0,-1,-1,-1,-1
3.1917,17.34,0,-1,-1,-1,-1
3.2100,17.45,0,-1,-1,-1,-1
3.2250,17.52,0,-1,-1,-1,-1
3.2350,17.62,0,-1,-1,-1,-1
3.2517,17.73,0,-1,-1,-1,-1
3.2683,17.73,0,-1,-1,-1,-1
3.2833,17.73,0,-1,-1,-1,-1
3.3350,17.73,0,-1,-1,-1,-1
3.3717,17.94,1665,284,203,375,260
3.4750,47.85,257204,80,203,1094,1669
3.4917,48.36,259335,80,203,1094,1668
3.5083,48.71,258698,79,203,1094,1667
3.5250,48.94,258723,79,203,1094,1667
3.5433,49.07,258765,79,203,1094,1666
3.5583,49.12,258787,79,203,1094,1666
3.5767,49.13,258790,79,203,1094,1666
3.5933,49.14,258781,79,203,1094,1666
3.6083,49.14,258781,79,203,1094,1666
3.6267,49.14,258785,79,203,1094,1666
4.4983,49.12,258784,79,203,1094,1666
4.5017,49.13,258790,79,203,1094,1666
