t,all_luma,all_lime,all_x0,all_y0,all_x1,all_y1
0.0000,137.06,3404,127,72,1072,571
2.0850,135.86,2501,129,276,233,582
2.0883,135.87,2500,129,276,233,582
2.0900,135.86,2501,129,276,233,582
2.0933,135.86,2531,129,276,226,582
2.0967,135.86,2533,129,276,226,582
2.1217,111.24,0,-1,-1,-1,-1
2.1300,111.24,0,-1,-1,-1,-1
2.1483,91.82,0,-1,-1,-1,-1
2.1650,76.00,0,-1,-1,-1,-1
2.1833,63.91,0,-1,-1,-1,-1
2.2000,54.78,0,-1,-1,-1,-1
2.2167,47.24,0,-1,-1,-1,-1
2.2333,41.30,0,-1,-1,-1,-1
2.2500,36.50,0,-1,-1,-1,-1
2.2683,32.35,0,-1,-1,-1,-1
2.2833,28.85,0,-1,-1,-1,-1
2.3000,24.23,0,-1,-1,-1,-1
2.3167,22.79,0,-1,-1,-1,-1
2.3250,22.77,0,-1,-1,-1,-1
2.3433,21.68,0,-1,-1,-1,-1
2.3600,20.88,0,-1,-1,-1,-1
2.3783,20.24,0,-1,-1,-1,-1
2.3950,19.67,0,-1,-1,-1,-1
2.4117,19.24,0,-1,-1,-1,-1
2.4283,18.89,0,-1,-1,-1,-1
2.4433,18.62,0,-1,-1,-1,-1
2.4617,18.36,0,-1,-1,-1,-1
2.4767,18.19,0,-1,-1,-1,-1
2.4950,18.05,0,-1,-1,-1,-1
2.5117,17.92,0,-1,-1,-1,-1
2.5283,17.81,0,-1,-1,-1,-1
2.5450,17.67,0,-1,-1,-1,-1
2.5600,17.63,0,-1,-1,-1,-1
2.5767,17.62,0,-1,-1,-1,-1
2.5950,17.54,0,-1,-1,-1,-1
2.6117,17.58,0,-1,-1,-1,-1
2.6283,17.49,0,-1,-1,-1,-1
2.6433,17.47,0,-1,-1,-1,-1
2.6617,17.46,0,-1,-1,-1,-1
2.6767,17.40,0,-1,-1,-1,-1
2.6933,17.36,0,-1,-1,-1,-1
2.7100,17.36,0,-1,-1,-1,-1
2.7267,17.36,0,-1,-1,-1,-1
2.7300,17.03,0,-1,-1,-1,-1
2.7317,17.03,0,-1,-1,-1,-1
2.7350,17.03,0,-1,-1,-1,-1
3.4517,16.78,0,-1,-1,-1,-1
3.4600,16.90,0,-1,-1,-1,-1
3.4750,16.90,0,-1,-1,-1,-1
3.4917,16.91,0,-1,-1,-1,-1
3.5100,16.92,0,-1,-1,-1,-1
3.5250,16.93,0,-1,-1,-1,-1
3.5417,16.95,0,-1,-1,-1,-1
3.5583,16.89,0,-1,-1,-1,-1
3.5750,16.91,0,-1,-1,-1,-1
3.5917,16.94,0,-1,-1,-1,-1
3.6083,16.93,0,-1,-1,-1,-1
3.6250,16.96,0,-1,-1,-1,-1
3.6433,16.95,0,-1,-1,-1,-1
3.6583,16.97,0,-1,-1,-1,-1
3.6750,16.97,0,-1,-1,-1,-1
3.6917,16.97,0,-1,-1,-1,-1
3.7100,16.97,0,-1,-1,-1,-1
3.7267,16.97,0,-1,-1,-1,-1
3.7417,16.96,0,-1,-1,-1,-1
3.7583,16.96,0,-1,-1,-1,-1
3.7767,16.96,0,-1,-1,-1,-1
3.7950,16.96,0,-1,-1,-1,-1
3.8083,16.96,0,-1,-1,-1,-1
3.9267,16.96,0,-1,-1,-1,-1
4.1333,16.96,0,-1,-1,-1,-1
4.1467,16.96,0,-1,-1,-1,-1
4.1633,16.96,0,-1,-1,-1,-1
4.1800,16.98,0,-1,-1,-1,-1
4.1967,17.03,0,-1,-1,-1,-1
4.2133,17.12,0,-1,-1,-1,-1
4.2300,17.08,0,-1,-1,-1,-1
4.2467,17.22,0,-1,-1,-1,-1
4.2633,17.25,0,-1,-1,-1,-1
4.2800,17.30,0,-1,-1,-1,-1
4.2850,17.30,0,-1,-1,-1,-1
4.3033,17.44,0,-1,-1,-1,-1
4.3200,17.49,0,-1,-1,-1,-1
4.3367,17.50,0,-1,-1,-1,-1
4.3517,17.49,0,-1,-1,-1,-1
4.4267,17.49,0,-1,-1,-1,-1
4.4517,17.52,0,-1,-1,-1,-1
4.4750,17.93,1707,284,203,375,260
4.5717,17.93,1708,284,203,375,260
4.6750,17.94,1709,284,203,375,260
4.6917,17.94,1708,284,203,375,260
4.7417,34.28,1707,284,203,375,260
4.7600,40.02,9142,170,203,553,794
4.7750,41.99,9181,170,203,554,792
4.7917,43.01,86335,80,203,1093,1627
4.8267,44.65,205853,80,203,1094,1667
4.8617,44.88,205867,79,203,1094,1667
4.8767,45.01,205893,79,203,1094,1666
4.8933,45.14,205932,79,203,1094,1666
4.9083,45.14,205940,79,203,1094,1666
4.9267,45.14,205940,79,203,1094,1666
4.9433,45.15,205940,79,203,1094,1666
4.9600,45.15,205940,79,203,1094,1666
5.9150,45.15,205938,79,203,1094,1666
5.9167,45.15,205938,79,203,1094,1666
